{
  "name": "angular-chart",
  "version": "0.5.0",
  "authors": [
    "Max Klenk <max@klenk.biz>"
  ],
  "description": "AngularJS directive for adjustable dynamically updating c3 charts.",
  "homepage": "http://grafiddle.github.io/angular-chart/",
  "keywords": [
    "d3",
    "c3",
    "chart",
    "charts",
    "angular",
    "angularJS"
  ],
  "license": "MIT",
  "ignore": [
    "**/.*",
    "node_modules",
    "bower_components",
    "test",
    "debug",
    "Gruntfile.js",
    "package.json"
  ],
  "main": [
    "angular-chart.js"
  ],
  "dependencies": {
    "c3": "~0.4.x",
    "angular": ">1.3.0"
  },
  "devDependencies": {
    "angular-mocks": ">1.3.0"
  },
  "_release": "0.5.0",
  "_resolution": {
    "type": "version",
    "tag": "v0.5.0",
    "commit": "97ba76b8f1c2594c1353925879c97799e5921f6c"
  },
  "_source": "https://github.com/GraFiddle/angular-chart.git",
  "_target": "^0.5.0",
  "_originalSource": "angular-chart",
  "_direct": true
}